<?xml version='1.0' encoding='UTF-8' ?>
<timeLogEntries>
  <time id="1" path="/Proyecto" start="@1507141440825" delta="1" />
  <time id="2" path="/Proyecto/CarritoPeliculas/PSP1/Planning" start="@1507141558245" delta="26" />
  <time id="3" path="/Proyecto/CarritoPeliculas/PSP1/Planning" start="@1507751053510" delta="41" />
  <time id="4" path="/Proyecto/CarritoPeliculas/PSP1/Design" start="@1507837218646" delta="34" />
  <time id="5" path="/Proyecto/CarritoPeliculas/PSP1/Planning" start="@1507839245265" delta="3" />
  <time id="6" path="/Proyecto/CarritoPeliculas/PSP1/Planning" start="@1508108094770" delta="46" />
  <time id="7" path="/Proyecto/CarritoPeliculas/PSP1/Code" start="@1508205055019" delta="29" />
  <time id="8" path="/Proyecto/CarritoPeliculas/PSP1/Code" start="@1508293296713" delta="251" />
  <time id="9" path="/Proyecto/CarritoPeliculas/PSP1/Code" start="@1508324178174" delta="23" />
  <time id="10" path="/Proyecto/CarritoPeliculas/PSP1/Compile" start="@1508368850392" delta="-280" />
  <time id="11" path="/Proyecto/CarritoPeliculas/PSP1/Design" start="@1508351993871" delta="13" />
  <time id="12" path="/Proyecto/CarritoPeliculas/PSP1/Design" start="@1508352783608" delta="32" />
  <time id="13" path="/Proyecto/CarritoPeliculas/PSP1/Compile" start="@1508376347298" delta="279" />
  <time id="14" path="/Proyecto/CarritoPeliculas/PSP1/Compile" start="@1508437965985" delta="29" />
  <time id="15" path="/Proyecto/CarritoPeliculas/PSP1/Code" start="@1508537587503" delta="130" />
</timeLogEntries>
